{"mean_speed": [75.63, 68.77, 44.24, 83.25, 76.0, 107.89, 67.79, 98.23, 58.36, 86.8, 67.2, 101.73, 98.93, 75.46, 74.73, 66.05, 86.17, 100.69, 65.0, 75.18, 65.92, 74.09, 64.8, 83.08, 67.2, 69.62, 87.39, 66.48, 75.13, 79.76, 62.59, 81.25, 59.08, 87.42, 65.48, 61.99, 65.77, 59.16, 82.55, 75.21, 75.83, 81.05, 71.36, 74.36, 68.39, 69.06, 93.07, 69.23, 86.8, 76.48, 74.15, 111.8, 68.24, 69.71, 65.48, 107.12, 71.42, 68.41, 81.36, 75.71, 63.48, 80.39, 105.48, 66.21, 66.05, 102.45, 77.97, 63.69, 96.54, 65.48, 101.69, 87.24, 68.91, 76.2, 88.98, 74.28, 82.05, 66.71, 74.13, 62.09, 81.86, 65.48, 73.26, 73.28, 92.21, 65.0, 79.0, 71.65, 82.9, 66.05, 69.35, 65.96, 75.73, 70.98, 98.36, 84.36, 84.39, 79.8, 80.85, 79.35], "average_mean_speed": 76.80940000000002, "std_mean_speed": 12.636104211346154}