{"mean_speed": [82.14, 86.31, 58.37, 81.06, 96.81, 68.22, 74.76, 69.4, 87.27, 96.82, 80.42, 102.32, 81.71, 107.02, 99.85, 83.03, 106.35, 75.59, 82.57, 76.2, 86.28, 60.2, 111.8, 69.8, 100.97, 79.96, 96.75, 82.15, 66.43, 82.3, 65.66, 79.14, 82.17, 64.51, 78.02, 75.65, 92.63, 95.42, 79.9, 68.6, 69.13, 84.97, 108.67, 103.61, 79.96, 79.68, 79.31, 68.91, 99.26, 111.66, 66.05, 94.96, 65.48, 71.62, 76.15, 79.18, 106.85, 105.04, 98.75, 104.12, 66.83, 74.68, 90.13, 62.84, 100.3, 80.92, 64.34, 68.21, 62.89, 79.48, 111.47, 111.72, 68.52, 111.8, 88.78, 71.95, 111.4, 97.91, 79.96, 64.7, 93.8, 68.3, 73.41, 76.4, 96.12, 68.91, 63.77, 103.86, 87.14, 74.99, 68.57, 98.76, 74.76, 67.26, 83.2, 99.78, 78.26, 99.19, 106.58, 79.22], "average_mean_speed": 83.99029999999999, "std_mean_speed": 14.833712512719126}